{
    "acados_include_path": "/home/epvs/acados/include",
    "acados_lib_path": "/home/epvs/acados/lib",
    "code_export_directory": "/home/catkin_ws/src/kinova_dq_nmpc/scripts/c_generated_code",
    "constraints": {
        "C": [],
        "C_e": [],
        "D": [],
        "constr_type": "BGH",
        "constr_type_0": "BGH",
        "constr_type_e": "BGH",
        "has_x0": true,
        "idxbu": [
            0,
            1,
            2,
            3,
            4,
            5
        ],
        "idxbx": [
            2,
            5
        ],
        "idxbx_0": [
            0,
            1,
            2,
            3,
            4,
            5,
            6,
            7,
            8
        ],
        "idxbx_e": [
            2,
            5
        ],
        "idxbxe_0": [
            0,
            1,
            2,
            3,
            4,
            5,
            6,
            7,
            8
        ],
        "idxsbu": [],
        "idxsbx": [],
        "idxsbx_e": [],
        "idxsg": [],
        "idxsg_e": [],
        "idxsh": [],
        "idxsh_0": [],
        "idxsh_e": [],
        "idxsphi": [],
        "idxsphi_0": [],
        "idxsphi_e": [],
        "lbu": [
            -1.0,
            -0.1,
            -0.01,
            -0.0,
            -0.1,
            -1.0
        ],
        "lbx": [
            0.1815,
            0.1815
        ],
        "lbx_0": [
            38.06537628173828,
            106.84331512451172,
            0.19145652651786804,
            275.93463134765625,
            35.15668487548828,
            0.1880328357219696,
            -0.2927130961688657,
            -46.05011032590077,
            -1.439316230554154e-05
        ],
        "lbx_e": [
            0.1815,
            0.1815
        ],
        "lg": [],
        "lg_e": [],
        "lh": [],
        "lh_0": [],
        "lh_e": [],
        "lphi": [],
        "lphi_0": [],
        "lphi_e": [],
        "lsbu": [],
        "lsbx": [],
        "lsbx_e": [],
        "lsg": [],
        "lsg_e": [],
        "lsh": [],
        "lsh_0": [],
        "lsh_e": [],
        "lsphi": [],
        "lsphi_0": [],
        "lsphi_e": [],
        "ubu": [
            1.0,
            0.1,
            0.01,
            0.0,
            0.1,
            1.0
        ],
        "ubx": [
            0.197,
            0.197
        ],
        "ubx_0": [
            38.06537628173828,
            106.84331512451172,
            0.19145652651786804,
            275.93463134765625,
            35.15668487548828,
            0.1880328357219696,
            -0.2927130961688657,
            -46.05011032590077,
            -1.439316230554154e-05
        ],
        "ubx_e": [
            0.197,
            0.197
        ],
        "ug": [],
        "ug_e": [],
        "uh": [],
        "uh_0": [],
        "uh_e": [],
        "uphi": [],
        "uphi_0": [],
        "uphi_e": [],
        "usbu": [],
        "usbx": [],
        "usbx_e": [],
        "usg": [],
        "usg_e": [],
        "ush": [],
        "ush_0": [],
        "ush_e": [],
        "usphi": [],
        "usphi_0": [],
        "usphi_e": []
    },
    "cost": {
        "Vu": [],
        "Vu_0": [],
        "Vx": [],
        "Vx_0": [],
        "Vx_e": [],
        "Vz": [],
        "Vz_0": [],
        "W": [],
        "W_0": [],
        "W_e": [],
        "Zl": [],
        "Zl_0": [],
        "Zl_e": [],
        "Zu": [],
        "Zu_0": [],
        "Zu_e": [],
        "cost_ext_fun_type": "casadi",
        "cost_ext_fun_type_0": "casadi",
        "cost_ext_fun_type_e": "casadi",
        "cost_type": "EXTERNAL",
        "cost_type_0": "EXTERNAL",
        "cost_type_e": "EXTERNAL",
        "yref": [],
        "yref_0": [],
        "yref_e": [],
        "zl": [],
        "zl_0": [],
        "zl_e": [],
        "zu": [],
        "zu_0": [],
        "zu_e": []
    },
    "cython_include_dirs": [
        "/usr/local/lib/python3.8/dist-packages/numpy/core/include",
        "/usr/include/python3.8"
    ],
    "dims": {
        "N": 11,
        "nbu": 6,
        "nbx": 2,
        "nbx_0": 9,
        "nbx_e": 2,
        "nbxe_0": 9,
        "ng": 0,
        "ng_e": 0,
        "nh": 0,
        "nh_0": 0,
        "nh_e": 0,
        "np": 15,
        "nphi": 0,
        "nphi_0": 0,
        "nphi_e": 0,
        "nr": 0,
        "nr_0": 0,
        "nr_e": 0,
        "ns": 0,
        "ns_0": 0,
        "ns_e": 0,
        "nsbu": 0,
        "nsbx": 0,
        "nsbx_e": 0,
        "nsg": 0,
        "nsg_e": 0,
        "nsh": 0,
        "nsh_0": 0,
        "nsh_e": 0,
        "nsphi": 0,
        "nsphi_0": 0,
        "nsphi_e": 0,
        "nu": 6,
        "nx": 9,
        "ny": 0,
        "ny_0": 0,
        "ny_e": 0,
        "nz": 0
    },
    "json_file": "acados_ocp_camera.json",
    "model": {
        "con_h_expr": null,
        "con_h_expr_0": null,
        "con_h_expr_e": null,
        "con_phi_expr": null,
        "con_phi_expr_0": null,
        "con_phi_expr_e": null,
        "con_r_expr": null,
        "con_r_expr_0": null,
        "con_r_expr_e": null,
        "con_r_in_phi": null,
        "con_r_in_phi_0": null,
        "con_r_in_phi_e": null,
        "cost_conl_custom_outer_hess": null,
        "cost_conl_custom_outer_hess_0": null,
        "cost_conl_custom_outer_hess_e": null,
        "cost_expr_ext_cost": "@1=(r/120), @2=(((((((zeros(6x1)[0] = (0.005/(1+((sq(theta)+sq(phi))+sq(@1)))))[1] = 0)[2] = 0)[3] = 0)[4] = 0)[5] = 0)-vertcat(vx_c, vy_c, vz_c, wx_c, wy_c, wz_c)), ((((((10.5*sq(theta))+mac(mac(@2',(((((zeros(6x6)[0] = 20)[7] = 200)[14] = 2000)[28] = 200)[35] = 20),zeros(1x6)),@2,0))+(100*sq((0.195-z_camera_frame_1))))+(100*sq((0.195-z_camera_frame_2))))+(0.5*sq(@1)))+(2.*sq((1000*phi))))",
        "cost_expr_ext_cost_0": "@1=(r/120), @2=(((((((zeros(6x1)[0] = (0.005/(1+((sq(theta)+sq(phi))+sq(@1)))))[1] = 0)[2] = 0)[3] = 0)[4] = 0)[5] = 0)-vertcat(vx_c, vy_c, vz_c, wx_c, wy_c, wz_c)), ((((((10.5*sq(theta))+mac(mac(@2',(((((zeros(6x6)[0] = 20)[7] = 200)[14] = 2000)[28] = 200)[35] = 20),zeros(1x6)),@2,0))+(100*sq((0.195-z_camera_frame_1))))+(100*sq((0.195-z_camera_frame_2))))+(0.5*sq(@1)))+(2.*sq((1000*phi))))",
        "cost_expr_ext_cost_custom_hess": null,
        "cost_expr_ext_cost_custom_hess_0": null,
        "cost_expr_ext_cost_custom_hess_e": null,
        "cost_expr_ext_cost_e": "(((((10.5*sq(theta))+(100*sq((0.195-z_camera_frame_1))))+(100*sq((0.195-z_camera_frame_2))))+(0.5*sq((r/120))))+(2.*sq((1000*phi))))",
        "cost_psi_expr": null,
        "cost_psi_expr_0": null,
        "cost_psi_expr_e": null,
        "cost_r_in_psi_expr": null,
        "cost_r_in_psi_expr_0": null,
        "cost_r_in_psi_expr_e": null,
        "cost_y_expr": null,
        "cost_y_expr_0": null,
        "cost_y_expr_e": null,
        "disc_dyn_expr": null,
        "dyn_disc_fun": null,
        "dyn_disc_fun_jac": null,
        "dyn_disc_fun_jac_hess": null,
        "dyn_ext_fun_type": "casadi",
        "dyn_generic_source": null,